{
 "names": [
  "seg2",
  "seg3",
  "seg4",
  "seg1",
  "seg5"
 ],
 "qImu2Seg_seg2": [
  0.9999735126877518,
  -0.004207463371396057,
  0.0058707456236880735,
  -0.0008975080607375298
 ],
 "qImu2Seg_seg2_euler_deg": [
  -0.106,
  0.672,
  -0.483
 ],
 "qImu2Seg_seg2_total_deg": 0.834,
 "qImu2Seg_seg3": [
  0.9999252241070655,
  -0.004876566384065451,
  0.011196144970464818,
  0.0006415859544289418
 ],
 "qImu2Seg_seg3_euler_deg": [
  0.067,
  1.283,
  -0.558
 ],
 "qImu2Seg_seg3_total_deg": 1.401,
 "qImu2Seg_seg4": [
  0.9999872313631695,
  -0.0017065768528190112,
  -2.054328887542092e-06,
  -0.004756543056471067
 ],
 "qImu2Seg_seg4_euler_deg": [
  -0.545,
  -0.001,
  -0.196
 ],
 "qImu2Seg_seg4_total_deg": 0.579,
 "qImu2Seg_seg1": [
  0.999963675394169,
  0.000985561682945215,
  -0.0059912423897303824,
  -0.00598177022139823
 ],
 "qImu2Seg_seg1_euler_deg": [
  -0.686,
  -0.686,
  0.117
 ],
 "qImu2Seg_seg1_total_deg": 0.977,
 "qImu2Seg_seg5": [
  0.9999713842870281,
  -0.006273188110852373,
  0.003802821160164241,
  0.0018483152421672191
 ],
 "qImu2Seg_seg5_euler_deg": [
  0.209,
  0.437,
  -0.718
 ],
 "qImu2Seg_seg5_total_deg": 0.867,
 "qEOpt2EImu_6D": [
  0.707785365173155,
  0.706425097889269,
  -0.0018595480204038279,
  0.0
 ],
 "qEOpt2EImu_6D_euler_deg": [
  -0.151,
  -0.151,
  89.89
 ],
 "qEOpt2EImu_6D_total_deg": 89.89,
 "qEOpt2EImu": [
  0.37086825979294213,
  0.37173933062764863,
  0.6007077050539732,
  0.6028406564188012
 ],
 "qEOpt2EImu_euler_deg": [
  116.65,
  -0.151,
  89.89
 ],
 "qEOpt2EImu_total_deg": 136.462,
 "qEOpt2EImu_delta": -2.038548866007974,
 "qEOpt2EImu_delta_deg": -116.80024635343686,
 "info": {
  "cost": 0.8654057433197827,
  "gyr_cost": 0.3281910870887226,
  "acc_cost": 1.4026203995508428,
  "bias": [
   [
    -0.0048313404396581145,
    0.0015483796979430824,
    0.004087287988381549
   ],
   [
    -0.00440086924248404,
    0.0007902463717133316,
    0.006171878581099499
   ],
   [
    -0.006320259092248662,
    0.0006722689143416667,
    -0.00981629412938978
   ],
   [
    -0.0028224778014432324,
    0.0005292418579717369,
    0.01185076378464557
   ],
   [
    -0.009040775732705257,
    -0.0029436932198463263,
    -0.011207597625363901
   ]
  ],
  "g": 9.792504305577994,
  "accbias": [
   0.0924490991138432,
   -0.02760137836104424,
   0.048603334858239096
  ],
  "sucess_rate": 1.0,
  "init_vals": 1,
  "norm_th": 0.16,
  "dip_th": 0.2792526803190927,
  "opt_pos_available": true
 },
 "params": {
  "fast": true,
  "fullEOpt2EImu": true,
  "accbias": true,
  "r": 0.5,
  "fc_gyr": 10.0,
  "fc_grav": 0.1,
  "fc_acc": 10.0,
  "fc_pos": 10.0,
  "fc_mag": 1.0,
  "init_quats": null
 }
}