{
 "names": [
  "seg2",
  "seg3",
  "seg4",
  "seg1",
  "seg5"
 ],
 "qImu2Seg_seg2": [
  0.9999675908573378,
  -0.006866877115271453,
  0.0042023490128064505,
  -5.9130621132970305e-05
 ],
 "qImu2Seg_seg2_euler_deg": [
  -0.01,
  0.481,
  -0.787
 ],
 "qImu2Seg_seg2_total_deg": 0.923,
 "qImu2Seg_seg3": [
  0.9999639254024493,
  -0.0012077853413515768,
  0.008387751650957533,
  -0.0005785935843587541
 ],
 "qImu2Seg_seg3_euler_deg": [
  -0.067,
  0.961,
  -0.139
 ],
 "qImu2Seg_seg3_total_deg": 0.973,
 "qImu2Seg_seg4": [
  0.9999867324670607,
  0.0018194960884211102,
  0.004759758286896239,
  -0.0007543373818768379
 ],
 "qImu2Seg_seg4_euler_deg": [
  -0.085,
  0.546,
  0.208
 ],
 "qImu2Seg_seg4_total_deg": 0.59,
 "qImu2Seg_seg1": [
  0.9999971313447161,
  0.0020221796315549817,
  0.001120643394315478,
  -0.0006262988575504659
 ],
 "qImu2Seg_seg1_euler_deg": [
  -0.072,
  0.129,
  0.232
 ],
 "qImu2Seg_seg1_total_deg": 0.274,
 "qImu2Seg_seg5": [
  0.9999542935075494,
  -0.009199530646925979,
  0.0024986473054941756,
  -0.0007323205150301646
 ],
 "qImu2Seg_seg5_euler_deg": [
  -0.087,
  0.286,
  -1.054
 ],
 "qImu2Seg_seg5_total_deg": 1.096,
 "qEOpt2EImu_6D": [
  0.7087707577489467,
  0.7054373396690747,
  -0.0014740286979425463,
  0.0
 ],
 "qEOpt2EImu_6D_euler_deg": [
  -0.119,
  -0.12,
  89.73
 ],
 "qEOpt2EImu_6D_total_deg": 89.73,
 "qEOpt2EImu": [
  0.4685148725124022,
  0.4652053428480304,
  -0.5303093455197921,
  -0.5318362541936226
 ],
 "qEOpt2EImu_euler_deg": [
  -97.363,
  -0.12,
  89.73
 ],
 "qEOpt2EImu_total_deg": 124.124,
 "qEOpt2EImu_delta": 1.6972259594475585,
 "qEOpt2EImu_delta_deg": 97.24388435638691,
 "info": {
  "cost": 0.8314206780271731,
  "gyr_cost": 0.27842836238684165,
  "acc_cost": 1.3844129936675047,
  "bias": [
   [
    -0.005041217894821046,
    0.0017003542472875856,
    0.0022231268148387305
   ],
   [
    -0.0032982855758207324,
    0.0019362897327678465,
    0.00435522791918712
   ],
   [
    -0.005319962669660069,
    0.0018398920331284634,
    -0.02549628710180506
   ],
   [
    -0.0035749862610017094,
    0.0014194498763913873,
    0.0112450928617524
   ],
   [
    -0.009780121412487231,
    -0.002534540953516857,
    -0.011444136128846275
   ]
  ],
  "g": 9.79931488049787,
  "accbias": [
   0.21527993229480108,
   0.017804744823429017,
   -0.041756026663961415
  ],
  "sucess_rate": 1.0,
  "init_vals": 1,
  "norm_th": 0.17,
  "dip_th": 0.29670597283903605,
  "opt_pos_available": true
 },
 "params": {
  "fast": true,
  "fullEOpt2EImu": true,
  "accbias": true,
  "r": 0.5,
  "fc_gyr": 10.0,
  "fc_grav": 0.1,
  "fc_acc": 10.0,
  "fc_pos": 10.0,
  "fc_mag": 1.0,
  "init_quats": null
 }
}