{
 "names": [
  "seg5",
  "seg4",
  "seg1",
  "seg2",
  "seg3"
 ],
 "qImu2Seg_seg5": [
  0.9999265774679373,
  -0.011974295987150232,
  0.001843560475477342,
  0.00023915192338803016
 ],
 "qImu2Seg_seg5_euler_deg": [
  0.025,
  0.212,
  -1.372
 ],
 "qImu2Seg_seg5_total_deg": 1.389,
 "qImu2Seg_seg4": [
  0.9999983333553788,
  0.00018233330877210832,
  0.0016598900501056558,
  -0.0007381097822812651
 ],
 "qImu2Seg_seg4_euler_deg": [
  -0.085,
  0.19,
  0.021
 ],
 "qImu2Seg_seg4_total_deg": 0.209,
 "qImu2Seg_seg1": [
  0.9999954321805301,
  0.0012772393527314399,
  0.002600704110363535,
  -0.000860590402624902
 ],
 "qImu2Seg_seg1_euler_deg": [
  -0.098,
  0.298,
  0.146
 ],
 "qImu2Seg_seg1_total_deg": 0.346,
 "qImu2Seg_seg2": [
  0.9999718107824205,
  -0.004664539574607466,
  0.0028392678074464278,
  -0.00515347158734746
 ],
 "qImu2Seg_seg2_euler_deg": [
  -0.592,
  0.323,
  -0.536
 ],
 "qImu2Seg_seg2_total_deg": 0.86,
 "qImu2Seg_seg3": [
  0.9999751118238879,
  -0.0059903750261367785,
  0.0035341734716906738,
  -0.0011835361089848598
 ],
 "qImu2Seg_seg3_euler_deg": [
  -0.138,
  0.404,
  -0.687
 ],
 "qImu2Seg_seg3_total_deg": 0.808,
 "qEOpt2EImu_6D": [
  0.7056180083352444,
  0.7085924234956927,
  6.0642426059938584e-05,
  0.0
 ],
 "qEOpt2EImu_6D_euler_deg": [
  0.005,
  0.005,
  90.241
 ],
 "qEOpt2EImu_6D_total_deg": 90.241,
 "qEOpt2EImu": [
  0.5250950464125196,
  0.5273490061031966,
  -0.47329298756158833,
  -0.47135121291880744
 ],
 "qEOpt2EImu_euler_deg": [
  -83.821,
  0.005,
  90.241
 ],
 "qEOpt2EImu_total_deg": 116.651,
 "qEOpt2EImu_delta": 1.4630297323314798,
 "qEOpt2EImu_delta_deg": 83.82542896474831,
 "info": {
  "cost": 0.26758017695473546,
  "gyr_cost": 0.10527070043690194,
  "acc_cost": 0.429889653472569,
  "bias": [
   [
    -0.009554013803869676,
    -0.0031953414189333654,
    -0.010470844632493906
   ],
   [
    -0.006886839896084947,
    0.0035356405620599915,
    -0.006901162261587354
   ],
   [
    -0.003520912655642951,
    0.0013260022035468983,
    0.011100652305010106
   ],
   [
    -0.005461530438003646,
    0.0027991188828824154,
    0.002891875624605124
   ],
   [
    -0.0039681513417440355,
    0.003364459369599136,
    0.005926265803234794
   ]
  ],
  "g": 9.8742015032057,
  "accbias": [
   0.15804244888781255,
   0.073683287703986,
   -0.053450185397194205
  ],
  "sucess_rate": 1.0,
  "init_vals": 1,
  "norm_th": 0.16,
  "dip_th": 0.2792526803190927,
  "opt_pos_available": true
 },
 "params": {
  "fast": true,
  "fullEOpt2EImu": true,
  "accbias": true,
  "r": 0.5,
  "fc_gyr": 10.0,
  "fc_grav": 0.1,
  "fc_acc": 10.0,
  "fc_pos": 10.0,
  "fc_mag": 1.0,
  "init_quats": null
 }
}