{
 "names": [
  "seg4",
  "seg1",
  "seg5",
  "seg3",
  "seg2"
 ],
 "qImu2Seg_seg4": [
  0.9999878978726001,
  -0.0016899670591209212,
  2.3238790143637944e-05,
  -0.00462034410362603
 ],
 "qImu2Seg_seg4_euler_deg": [
  -0.529,
  0.002,
  -0.194
 ],
 "qImu2Seg_seg4_total_deg": 0.564,
 "qImu2Seg_seg1": [
  0.9999648041895822,
  0.0009581625711131249,
  -0.005855751185549318,
  -0.005931482498569595
 ],
 "qImu2Seg_seg1_euler_deg": [
  -0.68,
  -0.67,
  0.114
 ],
 "qImu2Seg_seg1_total_deg": 0.961,
 "qImu2Seg_seg5": [
  0.9999714719402498,
  -0.0063241571459432275,
  0.0037191109367074563,
  0.001796818266858609
 ],
 "qImu2Seg_seg5_euler_deg": [
  0.203,
  0.427,
  -0.724
 ],
 "qImu2Seg_seg5_total_deg": 0.866,
 "qImu2Seg_seg3": [
  0.999930635092655,
  -0.004929503115268642,
  0.010686850371988113,
  0.00046500684167843866
 ],
 "qImu2Seg_seg3_euler_deg": [
  0.047,
  1.225,
  -0.564
 ],
 "qImu2Seg_seg3_total_deg": 1.35,
 "qImu2Seg_seg2": [
  0.9999744420827773,
  -0.004117761005468561,
  0.0057660559510706805,
  -0.000954894920506834
 ],
 "qImu2Seg_seg2_euler_deg": [
  -0.112,
  0.66,
  -0.473
 ],
 "qImu2Seg_seg2_total_deg": 0.819,
 "qEOpt2EImu_6D": [
  0.707820686017669,
  0.7063897135529809,
  -0.0018571569707735366,
  0.0
 ],
 "qEOpt2EImu_6D_euler_deg": [
  -0.15,
  -0.151,
  89.884
 ],
 "qEOpt2EImu_6D_total_deg": 89.884,
 "qEOpt2EImu": [
  0.7077123118332225,
  0.706249061089231,
  -0.014217600221415959,
  -0.012385767404536355
 ],
 "qEOpt2EImu_euler_deg": [
  -2.156,
  -0.151,
  89.884
 ],
 "qEOpt2EImu_total_deg": 89.902,
 "qEOpt2EImu_delta": 0.03499869335500473,
 "qEOpt2EImu_delta_deg": 2.0052774177143307,
 "info": {
  "cost": 0.8346771206223298,
  "gyr_cost": 0.30933869545685366,
  "acc_cost": 1.3600155457878058,
  "bias": [
   [
    -0.006300221283787683,
    0.0007173373863215411,
    -0.0098142372848108
   ],
   [
    -0.0028373141979534827,
    0.0005376523229053455,
    0.011786144631472784
   ],
   [
    -0.009001180108023995,
    -0.0029477752116498263,
    -0.011200663815594689
   ],
   [
    -0.0042839137744893575,
    0.0008216191782205133,
    0.006110666856459809
   ],
   [
    -0.004822816793239158,
    0.0015528674273798976,
    0.0040511391115804225
   ]
  ],
  "g": 9.792990859894969,
  "accbias": [
   0.09164180630155834,
   -0.026129629099585994,
   0.045840610836507034
  ],
  "sucess_rate": 1.0,
  "init_vals": 1,
  "norm_th": 0.16,
  "dip_th": 0.2792526803190927,
  "opt_pos_available": true
 },
 "params": {
  "fast": true,
  "fullEOpt2EImu": true,
  "accbias": true,
  "r": 0.5,
  "fc_gyr": 10.0,
  "fc_grav": 0.1,
  "fc_acc": 10.0,
  "fc_pos": 10.0,
  "fc_mag": 1.0,
  "init_quats": null
 }
}