{
 "names": [
  "seg2",
  "seg3",
  "seg4"
 ],
 "qImu2Seg_seg4": [
  0.9999873198938098,
  -0.0007213269555973715,
  0.004610167792136604,
  0.001893697955515206
 ],
 "qImu2Seg_seg4_euler_deg": [
  0.217,
  0.528,
  -0.082
 ],
 "qImu2Seg_seg4_total_deg": 0.577,
 "qImu2Seg_seg2": [
  0.9999502249757587,
  -0.0037030766454189392,
  0.009226941107527697,
  0.000835674629169217
 ],
 "qImu2Seg_seg2_euler_deg": [
  0.092,
  1.058,
  -0.424
 ],
 "qImu2Seg_seg2_total_deg": 1.143,
 "qImu2Seg_seg3": [
  0.9999438158533072,
  -0.0017868872453174472,
  0.010362040853167928,
  -0.0013417451535671805
 ],
 "qImu2Seg_seg3_euler_deg": [
  -0.156,
  1.187,
  -0.206
 ],
 "qImu2Seg_seg3_total_deg": 1.215,
 "qEOpt2EImu_6D": [
  0.7113816548590913,
  0.7027101589225295,
  -0.011600589511491075,
  0.0
 ],
 "qEOpt2EImu_6D_euler_deg": [
  -0.934,
  -0.946,
  89.305
 ],
 "qEOpt2EImu_6D_total_deg": 89.305,
 "qEOpt2EImu": [
  0.3673344383683676,
  0.35292239635709644,
  -0.6077679847437716,
  -0.6092037994453542
 ],
 "qEOpt2EImu_euler_deg": [
  -118.756,
  -0.946,
  89.305
 ],
 "qEOpt2EImu_total_deg": 136.897,
 "qEOpt2EImu_delta": 2.056384930600898,
 "qEOpt2EImu_delta_deg": 117.82217757773415,
 "info": {
  "cost": 0.6240970840793751,
  "gyr_cost": 0.1716992655398241,
  "acc_cost": 1.076494902618926,
  "bias": [
   [
    -0.006234312482244382,
    0.0027221672636686127,
    0.0012427027107868363
   ],
   [
    -0.005601840173708458,
    0.0031557968722873745,
    0.006386924184937696
   ],
   [
    -0.007948860879884704,
    0.001780027280336991,
    -0.0045529564047601554
   ]
  ],
  "g": 9.898199679009316,
  "accbias": [
   0.37366741698871003,
   0.0773328823795936,
   -0.12981471040495488
  ],
  "sucess_rate": 1.0,
  "init_vals": 1,
  "norm_th": 0.10999999999999999,
  "dip_th": 0.19198621771937624,
  "opt_pos_available": true
 },
 "params": {
  "fast": true,
  "fullEOpt2EImu": true,
  "accbias": true,
  "r": 0.5,
  "fc_gyr": 10.0,
  "fc_grav": 0.1,
  "fc_acc": 10.0,
  "fc_pos": 10.0,
  "fc_mag": 1.0,
  "init_quats": null
 }
}