{
 "names": [
  "seg4",
  "seg1",
  "seg5",
  "seg3",
  "seg2"
 ],
 "qImu2Seg_seg4": [
  0.9999769425915486,
  0.0005278354802193928,
  0.006715705753912413,
  -0.0008573046083506825
 ],
 "qImu2Seg_seg4_euler_deg": [
  -0.098,
  0.77,
  0.06
 ],
 "qImu2Seg_seg4_total_deg": 0.778,
 "qImu2Seg_seg1": [
  0.9999903170210855,
  -0.0020343477187229,
  0.003888896693736691,
  -0.00032214272257283266
 ],
 "qImu2Seg_seg1_euler_deg": [
  -0.038,
  0.446,
  -0.233
 ],
 "qImu2Seg_seg1_total_deg": 0.504,
 "qImu2Seg_seg5": [
  0.9999275091338453,
  -0.010473205694752033,
  0.005558845689834083,
  0.002094677649595107
 ],
 "qImu2Seg_seg5_euler_deg": [
  0.233,
  0.639,
  -1.199
 ],
 "qImu2Seg_seg5_total_deg": 1.38,
 "qImu2Seg_seg3": [
  0.9999828939701736,
  -0.0016958245495213658,
  0.005338476001306182,
  0.0016842268604126036
 ],
 "qImu2Seg_seg3_euler_deg": [
  0.192,
  0.612,
  -0.193
 ],
 "qImu2Seg_seg3_total_deg": 0.67,
 "qImu2Seg_seg2": [
  0.9999546256813993,
  -0.007561368340779096,
  0.0055998170723695374,
  0.001488064495826392
 ],
 "qImu2Seg_seg2_euler_deg": [
  0.166,
  0.643,
  -0.866
 ],
 "qImu2Seg_seg2_total_deg": 1.092,
 "qEOpt2EImu_6D": [
  0.7066125980907427,
  0.7075997285300849,
  -0.00112267697977898,
  0.0
 ],
 "qEOpt2EImu_6D_euler_deg": [
  -0.091,
  -0.091,
  90.08
 ],
 "qEOpt2EImu_6D_total_deg": 90.08,
 "qEOpt2EImu": [
  0.7031541280726813,
  0.7040254868315751,
  -0.07104048219863443,
  -0.06982575423793676
 ],
 "qEOpt2EImu_euler_deg": [
  -11.433,
  -0.091,
  90.08
 ],
 "qEOpt2EImu_total_deg": 90.639,
 "qEOpt2EImu_delta": 0.19795825081059026,
 "qEOpt2EImu_delta_deg": 11.342172291239029,
 "info": {
  "cost": 0.4292828635052509,
  "gyr_cost": 0.09888852607861066,
  "acc_cost": 0.7596772009318912,
  "bias": [
   [
    -0.005583674554209554,
    0.0024605280097636678,
    -0.005754275960758437
   ],
   [
    -0.002225918012416478,
    0.0019702357058350864,
    0.011536628237189074
   ],
   [
    -0.008904329831233421,
    -0.0021127599597555347,
    -0.010687216015328734
   ],
   [
    -0.00199123377019413,
    0.0026013197873315384,
    0.005489389437516551
   ],
   [
    -0.003547475440027073,
    0.0029085653074087743,
    0.0028326069445544985
   ]
  ],
  "g": 9.856616533794789,
  "accbias": [
   0.1982257756361797,
   0.03182483346897209,
   -0.007408414966178778
  ],
  "sucess_rate": 1.0,
  "init_vals": 1,
  "norm_th": 0.10999999999999999,
  "dip_th": 0.19198621771937624,
  "opt_pos_available": true
 },
 "params": {
  "fast": true,
  "fullEOpt2EImu": true,
  "accbias": true,
  "r": 0.5,
  "fc_gyr": 10.0,
  "fc_grav": 0.1,
  "fc_acc": 10.0,
  "fc_pos": 10.0,
  "fc_mag": 1.0,
  "init_quats": null
 }
}