{
 "names": [
  "seg2",
  "seg3",
  "seg4",
  "seg1",
  "seg5"
 ],
 "qImu2Seg_seg2": [
  0.9999587053106533,
  -0.0080134372613578,
  0.004105305259059263,
  -0.0012324631557062687
 ],
 "qImu2Seg_seg2_euler_deg": [
  -0.145,
  0.469,
  -0.919
 ],
 "qImu2Seg_seg2_total_deg": 1.041,
 "qImu2Seg_seg3": [
  0.9999883264342372,
  -6.482991887950066e-05,
  0.004822026018098136,
  0.00030142563889800353
 ],
 "qImu2Seg_seg3_euler_deg": [
  0.035,
  0.553,
  -0.007
 ],
 "qImu2Seg_seg3_total_deg": 0.554,
 "qImu2Seg_seg4": [
  0.9999922290579899,
  0.0018115213370439973,
  0.003253634303184363,
  -0.0012938616228832648
 ],
 "qImu2Seg_seg4_euler_deg": [
  -0.148,
  0.373,
  0.207
 ],
 "qImu2Seg_seg4_total_deg": 0.452,
 "qImu2Seg_seg1": [
  0.9999994890262256,
  0.0007022060468712462,
  -0.0005081989900430016,
  0.00052018048981482
 ],
 "qImu2Seg_seg1_euler_deg": [
  0.06,
  -0.058,
  0.08
 ],
 "qImu2Seg_seg1_total_deg": 0.116,
 "qImu2Seg_seg5": [
  0.999956102493554,
  -0.00872691744091501,
  0.0033823062912723845,
  0.0004404566180804731
 ],
 "qImu2Seg_seg5_euler_deg": [
  0.047,
  0.388,
  -1.0
 ],
 "qImu2Seg_seg5_total_deg": 1.074,
 "qEOpt2EImu_6D": [
  0.7024957996108623,
  0.7116873905401097,
  0.000842422284066524,
  0.0
 ],
 "qEOpt2EImu_6D_euler_deg": [
  0.069,
  0.068,
  90.745
 ],
 "qEOpt2EImu_6D_total_deg": 90.745,
 "qEOpt2EImu": [
  0.45217752007623313,
  0.45873860458789734,
  -0.544112620869838,
  -0.5376205342140612
 ],
 "qEOpt2EImu_euler_deg": [
  -99.799,
  0.068,
  90.745
 ],
 "qEOpt2EImu_total_deg": 126.233,
 "qEOpt2EImu_delta": 1.7430167580739462,
 "qEOpt2EImu_delta_deg": 99.86750385821237,
 "info": {
  "cost": 0.5109400928195422,
  "gyr_cost": 0.23715399572686177,
  "acc_cost": 0.7847261899122228,
  "bias": [
   [
    -0.004100792025022063,
    0.002249770326511137,
    0.002107195915722021
   ],
   [
    -0.00241698256599636,
    0.002140367452901226,
    0.0043112695250867965
   ],
   [
    -0.006180889331174084,
    0.0021129312233982883,
    -0.004082696498922972
   ],
   [
    -0.002961481552351829,
    0.0012197580402696657,
    0.011412052779473136
   ],
   [
    -0.00946967235113181,
    -0.0031619555391080227,
    -0.011044909691093443
   ]
  ],
  "g": 9.819520786655474,
  "accbias": [
   0.26025705324734266,
   0.01750630120314296,
   -0.02335103990924926
  ],
  "sucess_rate": 1.0,
  "init_vals": 1,
  "norm_th": 0.18000000000000002,
  "dip_th": 0.31415926535897937,
  "opt_pos_available": true
 },
 "params": {
  "fast": true,
  "fullEOpt2EImu": true,
  "accbias": true,
  "r": 0.5,
  "fc_gyr": 10.0,
  "fc_grav": 0.1,
  "fc_acc": 10.0,
  "fc_pos": 10.0,
  "fc_mag": 1.0,
  "init_quats": null
 }
}