{
 "names": [
  "seg5",
  "seg4",
  "seg1",
  "seg2",
  "seg3"
 ],
 "qImu2Seg_seg5": [
  0.9999534433293857,
  -0.009278903087843278,
  0.002150717363247699,
  0.0015451686040042108
 ],
 "qImu2Seg_seg5_euler_deg": [
  0.175,
  0.248,
  -1.063
 ],
 "qImu2Seg_seg5_total_deg": 1.106,
 "qImu2Seg_seg4": [
  0.9999906118512952,
  0.0011424498065501433,
  0.0030357286649783572,
  -0.0028732158262864144
 ],
 "qImu2Seg_seg4_euler_deg": [
  -0.329,
  0.348,
  0.13
 ],
 "qImu2Seg_seg4_total_deg": 0.497,
 "qImu2Seg_seg1": [
  0.9999981932074608,
  -0.0007348682716075847,
  3.502797350914885e-05,
  -0.0017528044610010192
 ],
 "qImu2Seg_seg1_euler_deg": [
  -0.201,
  0.004,
  -0.084
 ],
 "qImu2Seg_seg1_total_deg": 0.218,
 "qImu2Seg_seg2": [
  0.9999688683143759,
  -0.007545679971297691,
  0.0015689129203829907,
  -0.0016922257784365608
 ],
 "qImu2Seg_seg2_euler_deg": [
  -0.195,
  0.178,
  -0.865
 ],
 "qImu2Seg_seg2_total_deg": 0.904,
 "qImu2Seg_seg3": [
  0.9999824407201708,
  0.0013310382527600422,
  0.005467982544542345,
  -0.0018568132357274394
 ],
 "qImu2Seg_seg3_euler_deg": [
  -0.212,
  0.627,
  0.151
 ],
 "qImu2Seg_seg3_total_deg": 0.679,
 "qEOpt2EImu_6D": [
  0.7014624218962959,
  0.7127064404966,
  1.8494570364451327e-05,
  0.0
 ],
 "qEOpt2EImu_6D_euler_deg": [
  0.002,
  0.001,
  90.911
 ],
 "qEOpt2EImu_6D_total_deg": 90.911,
 "qEOpt2EImu": [
  0.4261224851019737,
  0.4329676618765103,
  -0.5661178980005585,
  -0.5571975924419769
 ],
 "qEOpt2EImu_euler_deg": [
  -105.184,
  0.001,
  90.911
 ],
 "qEOpt2EImu_total_deg": 129.557,
 "qEOpt2EImu_delta": 1.83583097323597,
 "qEOpt2EImu_delta_deg": 105.18536666581548,
 "info": {
  "cost": 0.30988508619327154,
  "gyr_cost": 0.09856532562752264,
  "acc_cost": 0.5212048467590205,
  "bias": [
   [
    -0.00966578317524558,
    -0.0030147120569441396,
    -0.010637395698194448
   ],
   [
    -0.005859166719073106,
    0.0021107319616297617,
    -0.004326905680474425
   ],
   [
    -0.002667915619428749,
    0.00105385990797657,
    0.011582512308491529
   ],
   [
    -0.0043163391852420125,
    0.0019141826003133977,
    0.0021214525545699497
   ],
   [
    -0.0026163108680767565,
    0.0020842354903138137,
    0.004204520701902247
   ]
  ],
  "g": 9.836111026623465,
  "accbias": [
   0.258024080717064,
   0.020301489450117054,
   -0.04047617191030784
  ],
  "sucess_rate": 1.0,
  "init_vals": 1,
  "norm_th": 0.17,
  "dip_th": 0.29670597283903605,
  "opt_pos_available": true
 },
 "params": {
  "fast": true,
  "fullEOpt2EImu": true,
  "accbias": true,
  "r": 0.5,
  "fc_gyr": 10.0,
  "fc_grav": 0.1,
  "fc_acc": 10.0,
  "fc_pos": 10.0,
  "fc_mag": 1.0,
  "init_quats": null
 }
}