{
 "names": [
  "seg2",
  "seg3",
  "seg4",
  "seg1",
  "seg5"
 ],
 "qImu2Seg_seg2": [
  0.9999534048355035,
  -0.007625753188223944,
  0.005705262461945615,
  0.0015767138092058462
 ],
 "qImu2Seg_seg2_euler_deg": [
  0.176,
  0.655,
  -0.873
 ],
 "qImu2Seg_seg2_total_deg": 1.106,
 "qImu2Seg_seg3": [
  0.9999818602068721,
  -0.0018293235470660102,
  0.0054524384492743,
  0.001789901539411209
 ],
 "qImu2Seg_seg3_euler_deg": [
  0.204,
  0.625,
  -0.209
 ],
 "qImu2Seg_seg3_total_deg": 0.69,
 "qImu2Seg_seg4": [
  0.9999758024670679,
  0.00032470685280211584,
  0.006901082576292098,
  -0.0008149264252793055
 ],
 "qImu2Seg_seg4_euler_deg": [
  -0.093,
  0.791,
  0.037
 ],
 "qImu2Seg_seg4_total_deg": 0.797,
 "qImu2Seg_seg1": [
  0.9999893034920044,
  -0.0022425154253850293,
  0.004030090435836061,
  -0.0003498531431232365
 ],
 "qImu2Seg_seg1_euler_deg": [
  -0.041,
  0.462,
  -0.257
 ],
 "qImu2Seg_seg1_total_deg": 0.53,
 "qImu2Seg_seg5": [
  0.9999238870522299,
  -0.010811643635220226,
  0.005606613471257181,
  0.0019734106638821863
 ],
 "qImu2Seg_seg5_euler_deg": [
  0.219,
  0.645,
  -1.238
 ],
 "qImu2Seg_seg5_total_deg": 1.414,
 "qEOpt2EImu_6D": [
  0.7065852440765976,
  0.7076267654847785,
  -0.0012859326440798498,
  0.0
 ],
 "qEOpt2EImu_6D_euler_deg": [
  -0.104,
  -0.104,
  90.084
 ],
 "qEOpt2EImu_6D_total_deg": 90.084,
 "qEOpt2EImu": [
  0.41700618041336135,
  0.4165827508448121,
  -0.5720105808040478,
  -0.5704108630135336
 ],
 "qEOpt2EImu_euler_deg": [
  -107.766,
  -0.104,
  90.084
 ],
 "qEOpt2EImu_total_deg": 130.709,
 "qEOpt2EImu_delta": 1.8790511475461575,
 "qEOpt2EImu_delta_deg": 107.66170024360896,
 "info": {
  "cost": 0.4399866315216866,
  "gyr_cost": 0.10347674683951831,
  "acc_cost": 0.7764965162038548,
  "bias": [
   [
    -0.003499090478938326,
    0.0029130584024324355,
    0.0028390328391608498
   ],
   [
    -0.0019466970268800456,
    0.0025903980287434883,
    0.005522318709878767
   ],
   [
    -0.005633215846740656,
    0.002475415016756286,
    -0.005731822246937726
   ],
   [
    -0.0022722063079070767,
    0.0019867459063330705,
    0.011562830794407838
   ],
   [
    -0.008936725111336436,
    -0.002069492659802774,
    -0.010721808437603956
   ]
  ],
  "g": 9.860177318425999,
  "accbias": [
   0.2005936060882525,
   0.034427843339065,
   -0.00841977038980286
  ],
  "sucess_rate": 1.0,
  "init_vals": 1,
  "norm_th": 0.10999999999999999,
  "dip_th": 0.19198621771937624,
  "opt_pos_available": true
 },
 "params": {
  "fast": true,
  "fullEOpt2EImu": true,
  "accbias": true,
  "r": 0.5,
  "fc_gyr": 10.0,
  "fc_grav": 0.1,
  "fc_acc": 10.0,
  "fc_pos": 10.0,
  "fc_mag": 1.0,
  "init_quats": null
 }
}