{
 "names": [
  "seg5",
  "seg4",
  "seg1",
  "seg2",
  "seg3"
 ],
 "qImu2Seg_seg5": [
  0.9999566864121253,
  -0.008671399879591332,
  0.003340296639232217,
  0.0005239677209994903
 ],
 "qImu2Seg_seg5_euler_deg": [
  0.057,
  0.383,
  -0.993
 ],
 "qImu2Seg_seg5_total_deg": 1.067,
 "qImu2Seg_seg4": [
  0.9999923819141947,
  0.0017901271643572022,
  0.003194447594710861,
  -0.0013516888974359836
 ],
 "qImu2Seg_seg4_euler_deg": [
  -0.154,
  0.366,
  0.205
 ],
 "qImu2Seg_seg4_total_deg": 0.447,
 "qImu2Seg_seg1": [
  0.9999995181146005,
  0.0006812725878107977,
  -0.0005516495761925699,
  0.00044195132406787274
 ],
 "qImu2Seg_seg1_euler_deg": [
  0.051,
  -0.063,
  0.078
 ],
 "qImu2Seg_seg1_total_deg": 0.112,
 "qImu2Seg_seg2": [
  0.99995858775227,
  -0.008030886545906854,
  0.00408183263399831,
  -0.0012908462807380795
 ],
 "qImu2Seg_seg2_euler_deg": [
  -0.152,
  0.467,
  -0.921
 ],
 "qImu2Seg_seg2_total_deg": 1.043,
 "qImu2Seg_seg3": [
  0.9999890422911492,
  -0.0001061443201466683,
  0.0046724017485538704,
  0.00026961623418986127
 ],
 "qImu2Seg_seg3_euler_deg": [
  0.031,
  0.535,
  -0.012
 ],
 "qImu2Seg_seg3_total_deg": 0.536,
 "qEOpt2EImu_6D": [
  0.7024615987395704,
  0.7117211129972661,
  0.0008715561826582918,
  0.0
 ],
 "qEOpt2EImu_6D_euler_deg": [
  0.071,
  0.07,
  90.75
 ],
 "qEOpt2EImu_6D_total_deg": 90.75,
 "qEOpt2EImu": [
  0.45207113416327815,
  0.4586972111576726,
  -0.5441916673125566,
  -0.5376653116578013
 ],
 "qEOpt2EImu_euler_deg": [
  -99.814,
  0.07,
  90.75
 ],
 "qEOpt2EImu_total_deg": 126.247,
 "qEOpt2EImu_delta": 1.7433306236095676,
 "qEOpt2EImu_delta_deg": 99.8854870287381,
 "info": {
  "cost": 0.49585601490879844,
  "gyr_cost": 0.225323505372104,
  "acc_cost": 0.7663885244454929,
  "bias": [
   [
    -0.009455982455751983,
    -0.0031655177311923476,
    -0.011022879355676802
   ],
   [
    -0.0061820199109250094,
    0.002111680965049252,
    -0.004089320824101711
   ],
   [
    -0.00295322033232877,
    0.0012265078813024268,
    0.011402832532973884
   ],
   [
    -0.0041254860038305325,
    0.0022409157831085845,
    0.0021026358149368895
   ],
   [
    -0.002454240940329861,
    0.002139740342303169,
    0.00431774828739132
   ]
  ],
  "g": 9.818093920746334,
  "accbias": [
   0.25976082900467073,
   0.016845519799242193,
   -0.02230021378694179
  ],
  "sucess_rate": 1.0,
  "init_vals": 1,
  "norm_th": 0.18000000000000002,
  "dip_th": 0.31415926535897937,
  "opt_pos_available": true
 },
 "params": {
  "fast": true,
  "fullEOpt2EImu": true,
  "accbias": true,
  "r": 0.5,
  "fc_gyr": 10.0,
  "fc_grav": 0.1,
  "fc_acc": 10.0,
  "fc_pos": 10.0,
  "fc_mag": 1.0,
  "init_quats": null
 }
}