{
 "names": [
  "seg2",
  "seg3",
  "seg4",
  "seg1",
  "seg5"
 ],
 "qImu2Seg_seg2": [
  0.999968610106912,
  -0.007582988759137446,
  0.001603229858530413,
  -0.001645216201668532
 ],
 "qImu2Seg_seg2_euler_deg": [
  -0.19,
  0.182,
  -0.869
 ],
 "qImu2Seg_seg2_total_deg": 0.908,
 "qImu2Seg_seg3": [
  0.9999817703346247,
  0.0013359968960608099,
  0.005597271320025158,
  -0.0018288423917168567
 ],
 "qImu2Seg_seg3_euler_deg": [
  -0.209,
  0.642,
  0.152
 ],
 "qImu2Seg_seg3_total_deg": 0.692,
 "qImu2Seg_seg4": [
  0.9999903797884563,
  0.0011191327906332647,
  0.003134194959835272,
  -0.002857392918303368
 ],
 "qImu2Seg_seg4_euler_deg": [
  -0.327,
  0.36,
  0.127
 ],
 "qImu2Seg_seg4_total_deg": 0.503,
 "qImu2Seg_seg1": [
  0.9999982827897372,
  -0.0007710673352666874,
  9.765754227037825e-05,
  -0.0016823601711725151
 ],
 "qImu2Seg_seg1_euler_deg": [
  -0.193,
  0.011,
  -0.088
 ],
 "qImu2Seg_seg1_total_deg": 0.212,
 "qImu2Seg_seg5": [
  0.9999523497081575,
  -0.009387884615418118,
  0.002202235308779693,
  0.0015218722768414387
 ],
 "qImu2Seg_seg5_euler_deg": [
  0.172,
  0.254,
  -1.075
 ],
 "qImu2Seg_seg5_total_deg": 1.119,
 "qEOpt2EImu_6D": [
  0.7014863270452553,
  0.7126829085378832,
  -6.961709841804615e-05,
  0.0
 ],
 "qEOpt2EImu_6D_euler_deg": [
  -0.006,
  -0.006,
  90.907
 ],
 "qEOpt2EImu_6D_total_deg": 90.907,
 "qEOpt2EImu": [
  0.4262095170610316,
  0.432957049361567,
  -0.5660963931846614,
  -0.557161120860066
 ],
 "qEOpt2EImu_euler_deg": [
  -105.176,
  -0.006,
  90.907
 ],
 "qEOpt2EImu_total_deg": 129.546,
 "qEOpt2EImu_delta": 1.8355707019691652,
 "qEOpt2EImu_delta_deg": 105.17045422069903,
 "info": {
  "cost": 0.3174578929460962,
  "gyr_cost": 0.10526048345469567,
  "acc_cost": 0.5296553024374968,
  "bias": [
   [
    -0.004295584521043767,
    0.001912389376242833,
    0.0021181442239124044
   ],
   [
    -0.0025889665611103035,
    0.002085966363899146,
    0.004201135925332376
   ],
   [
    -0.005841363512581329,
    0.0021148653876997764,
    -0.004330473425869355
   ],
   [
    -0.0026701186212817604,
    0.001054347704124992,
    0.011583382552506
   ],
   [
    -0.009646982177427208,
    -0.003005953238984925,
    -0.01063707895144604
   ]
  ],
  "g": 9.837677557402953,
  "accbias": [
   0.2584616569154482,
   0.021189693620590856,
   -0.04139548582589708
  ],
  "sucess_rate": 1.0,
  "init_vals": 1,
  "norm_th": 0.17,
  "dip_th": 0.29670597283903605,
  "opt_pos_available": true
 },
 "params": {
  "fast": true,
  "fullEOpt2EImu": true,
  "accbias": true,
  "r": 0.5,
  "fc_gyr": 10.0,
  "fc_grav": 0.1,
  "fc_acc": 10.0,
  "fc_pos": 10.0,
  "fc_mag": 1.0,
  "init_quats": null
 }
}