{
 "names": [
  "seg2",
  "seg3",
  "seg4",
  "seg1",
  "seg5"
 ],
 "qImu2Seg_seg2": [
  0.9999914021725596,
  -0.0018527933761348172,
  0.002825705506227587,
  -0.002403773295389619
 ],
 "qImu2Seg_seg2_euler_deg": [
  -0.276,
  0.323,
  -0.213
 ],
 "qImu2Seg_seg2_total_deg": 0.475,
 "qImu2Seg_seg3": [
  0.999991626309673,
  -0.0018987672439176003,
  0.0035173994249207375,
  -0.000877436478859927
 ],
 "qImu2Seg_seg3_euler_deg": [
  -0.101,
  0.403,
  -0.218
 ],
 "qImu2Seg_seg3_total_deg": 0.469,
 "qImu2Seg_seg4": [
  0.9999961273167132,
  -0.0009024386768932827,
  0.0003829766971815571,
  0.002604665978548676
 ],
 "qImu2Seg_seg4_euler_deg": [
  0.298,
  0.044,
  -0.103
 ],
 "qImu2Seg_seg4_total_deg": 0.319,
 "qImu2Seg_seg1": [
  0.9999949960522534,
  0.0025992342641954084,
  0.0013216906896340917,
  0.0012267784699939045
 ],
 "qImu2Seg_seg1_euler_deg": [
  0.141,
  0.151,
  0.298
 ],
 "qImu2Seg_seg1_total_deg": 0.363,
 "qImu2Seg_seg5": [
  0.9999541493376402,
  -0.00914812551216144,
  0.0015990955010652666,
  0.002335361990926252
 ],
 "qImu2Seg_seg5_euler_deg": [
  0.266,
  0.186,
  -1.048
 ],
 "qImu2Seg_seg5_total_deg": 1.097,
 "qEOpt2EImu_6D": [
  0.7181523185483185,
  0.6958705613464404,
  -0.004627009300232056,
  0.0
 ],
 "qEOpt2EImu_6D_euler_deg": [
  -0.369,
  -0.381,
  88.196
 ],
 "qEOpt2EImu_6D_total_deg": 88.196,
 "qEOpt2EImu": [
  0.3434654901370568,
  0.32874543872513845,
  -0.6133381480725708,
  -0.6306934356097555
 ],
 "qEOpt2EImu_euler_deg": [
  -123.225,
  -0.381,
  88.196
 ],
 "qEOpt2EImu_total_deg": 139.824,
 "qEOpt2EImu_delta": 2.144241717192309,
 "qEOpt2EImu_delta_deg": 122.85600065100357,
 "info": {
  "cost": 0.48744387130556655,
  "gyr_cost": 0.170170883515337,
  "acc_cost": 0.804716859095796,
  "bias": [
   [
    -0.004998537250261269,
    0.0024733114890133803,
    0.003048734905181265
   ],
   [
    -0.0039044142784240054,
    0.002984247378264462,
    0.0060961244271564696
   ],
   [
    -0.007745786465609918,
    0.0033398123884492183,
    -0.003071783406300871
   ],
   [
    -0.002336044224513899,
    0.0015367796777210948,
    0.011164147069505099
   ],
   [
    -0.0095026060914904,
    -0.003343930464993574,
    -0.011241296385304349
   ]
  ],
  "g": 9.826800499512371,
  "accbias": [
   0.3179299881675984,
   0.040860691543386625,
   -0.06262511189565886
  ],
  "sucess_rate": 1.0,
  "init_vals": 1,
  "norm_th": 0.10999999999999999,
  "dip_th": 0.19198621771937624,
  "opt_pos_available": true
 },
 "params": {
  "fast": true,
  "fullEOpt2EImu": true,
  "accbias": true,
  "r": 0.5,
  "fc_gyr": 10.0,
  "fc_grav": 0.1,
  "fc_acc": 10.0,
  "fc_pos": 10.0,
  "fc_mag": 1.0,
  "init_quats": null
 }
}