{
 "names": [
  "seg5",
  "seg4",
  "seg1",
  "seg2",
  "seg3"
 ],
 "qImu2Seg_seg5": [
  0.9998705052088678,
  -0.015892453084397372,
  0.001411567488230555,
  0.0021000537016930623
 ],
 "qImu2Seg_seg5_euler_deg": [
  0.238,
  0.166,
  -1.821
 ],
 "qImu2Seg_seg5_total_deg": 1.844,
 "qImu2Seg_seg4": [
  0.9999807915487503,
  -0.0020799030960889538,
  0.00484593816458301,
  0.0032569034297439494
 ],
 "qImu2Seg_seg4_euler_deg": [
  0.372,
  0.556,
  -0.237
 ],
 "qImu2Seg_seg4_total_deg": 0.71,
 "qImu2Seg_seg1": [
  0.9999204050801817,
  -0.008315370460059118,
  -0.0018171137993759335,
  -0.009313228003089579
 ],
 "qImu2Seg_seg1_euler_deg": [
  -1.065,
  -0.217,
  -0.951
 ],
 "qImu2Seg_seg1_total_deg": 1.446,
 "qImu2Seg_seg2": [
  0.9999603263319243,
  -0.008222074302736335,
  0.0032695933341443926,
  -0.0010261655523881102
 ],
 "qImu2Seg_seg2_euler_deg": [
  -0.121,
  0.374,
  -0.943
 ],
 "qImu2Seg_seg2_total_deg": 1.021,
 "qImu2Seg_seg3": [
  0.9999569295405953,
  -0.007620645653370296,
  0.0052745826311789675,
  -0.000493560166018679
 ],
 "qImu2Seg_seg3_euler_deg": [
  -0.061,
  0.604,
  -0.874
 ],
 "qImu2Seg_seg3_total_deg": 1.064,
 "qEOpt2EImu_6D": [
  0.7100981198679184,
  0.7040790721995298,
  -0.005772369591130305,
  0.0
 ],
 "qEOpt2EImu_6D_euler_deg": [
  -0.466,
  -0.47,
  89.514
 ],
 "qEOpt2EImu_6D_total_deg": 89.514,
 "qEOpt2EImu": [
  0.6928641161374333,
  0.6857271361993633,
  -0.15980912001468206,
  -0.15549487582890306
 ],
 "qEOpt2EImu_euler_deg": [
  -25.764,
  -0.47,
  89.514
 ],
 "qEOpt2EImu_total_deg": 92.285,
 "qEOpt2EImu_delta": 0.4415309936256787,
 "qEOpt2EImu_delta_deg": 25.297862458969043,
 "info": {
  "cost": 1.1412147919854805,
  "gyr_cost": 0.6429838735170129,
  "acc_cost": 1.639445710453948,
  "bias": [
   [
    0.010082009845470431,
    0.0008315481231935582,
    -0.009129507459221078
   ],
   [
    -0.010196795459574061,
    0.0005490700046967439,
    -0.0018289492901344803
   ],
   [
    -0.004467417221642915,
    -0.010891766654449556,
    0.012595297649335145
   ],
   [
    -0.004878928437487275,
    0.0016705391363547408,
    0.005134131026566734
   ],
   [
    -0.0023821343297605966,
    0.0022882365006721846,
    0.00747591240660319
   ]
  ],
  "g": 9.852627960814862,
  "accbias": [
   0.15218395714580163,
   0.17823623463255203,
   -0.14072210076019767
  ],
  "sucess_rate": 1.0,
  "init_vals": 1,
  "norm_th": 0.20000000000000004,
  "dip_th": 0.349065850398866,
  "opt_pos_available": true
 },
 "params": {
  "fast": true,
  "fullEOpt2EImu": true,
  "accbias": true,
  "r": 0.5,
  "fc_gyr": 10.0,
  "fc_grav": 0.1,
  "fc_acc": 10.0,
  "fc_pos": 10.0,
  "fc_mag": 1.0,
  "init_quats": null
 }
}