{
 "names": [
  "seg2",
  "seg3",
  "seg4",
  "seg1",
  "seg5"
 ],
 "qImu2Seg_seg2": [
  0.9999887721191865,
  -0.0011401407868224527,
  0.0032361150008325804,
  -0.0032685278412937545
 ],
 "qImu2Seg_seg2_euler_deg": [
  -0.375,
  0.37,
  -0.132
 ],
 "qImu2Seg_seg2_total_deg": 0.543,
 "qImu2Seg_seg3": [
  0.9999892204641151,
  -0.0012697228455267504,
  0.00266937579577583,
  -0.0035806692569925348
 ],
 "qImu2Seg_seg3_euler_deg": [
  -0.411,
  0.305,
  -0.147
 ],
 "qImu2Seg_seg3_total_deg": 0.532,
 "qImu2Seg_seg4": [
  0.9999977033200484,
  -0.0017870377030151012,
  0.000360851218457263,
  -0.0011267818220055937
 ],
 "qImu2Seg_seg4_euler_deg": [
  -0.129,
  0.041,
  -0.205
 ],
 "qImu2Seg_seg4_total_deg": 0.246,
 "qImu2Seg_seg1": [
  0.999982665061031,
  0.004729865776143322,
  0.0008619060199840225,
  -0.0033992742152494215
 ],
 "qImu2Seg_seg1_euler_deg": [
  -0.389,
  0.101,
  0.542
 ],
 "qImu2Seg_seg1_total_deg": 0.675,
 "qImu2Seg_seg5": [
  0.9999646766745408,
  -0.00787728977757307,
  0.002846156166021794,
  0.0007022136567492789
 ],
 "qImu2Seg_seg5_euler_deg": [
  0.078,
  0.327,
  -0.902
 ],
 "qImu2Seg_seg5_total_deg": 0.963,
 "qEOpt2EImu_6D": [
  0.7198677748481358,
  0.6940573377983017,
  -0.008648617434465398,
  0.0
 ],
 "qEOpt2EImu_6D_euler_deg": [
  -0.688,
  -0.713,
  87.913
 ],
 "qEOpt2EImu_6D_total_deg": 87.913,
 "qEOpt2EImu": [
  0.426813571623996,
  0.40454593144976203,
  -0.5640327792625515,
  -0.5796893895375129
 ],
 "qEOpt2EImu_euler_deg": [
  -107.961,
  -0.713,
  87.913
 ],
 "qEOpt2EImu_total_deg": 129.469,
 "qEOpt2EImu_delta": 1.8722682915671953,
 "qEOpt2EImu_delta_deg": 107.27307122296935,
 "info": {
  "cost": 0.44253896808287185,
  "gyr_cost": 0.20079167027889422,
  "acc_cost": 0.6842862658868495,
  "bias": [
   [
    -0.005341563439711096,
    0.0028540166644219034,
    0.00306332538599577
   ],
   [
    -0.003699166474237932,
    0.003668179383872895,
    0.005671911302708707
   ],
   [
    -0.0069800673147816916,
    0.00280148854455641,
    -0.005775426676749616
   ],
   [
    -0.0011292540298281596,
    0.0020584646783415265,
    0.00882344142855342
   ],
   [
    -0.009023403334369948,
    -0.0030123354580126344,
    -0.010290251877033306
   ]
  ],
  "g": 9.926575212375374,
  "accbias": [
   0.3871336528049911,
   0.07050746870886637,
   -0.14741869419899098
  ],
  "sucess_rate": 1.0,
  "init_vals": 1,
  "norm_th": 0.11999999999999998,
  "dip_th": 0.20943951023931953,
  "opt_pos_available": true
 },
 "params": {
  "fast": true,
  "fullEOpt2EImu": true,
  "accbias": true,
  "r": 0.5,
  "fc_gyr": 10.0,
  "fc_grav": 0.1,
  "fc_acc": 10.0,
  "fc_pos": 10.0,
  "fc_mag": 1.0,
  "init_quats": null
 }
}