{
 "names": [
  "seg4",
  "seg1",
  "seg5",
  "seg3",
  "seg2"
 ],
 "qImu2Seg_seg4": [
  0.9999918816537757,
  0.0015462020512248497,
  0.0035005618678680185,
  -0.0012617259476446852
 ],
 "qImu2Seg_seg4_euler_deg": [
  -0.144,
  0.401,
  0.177
 ],
 "qImu2Seg_seg4_total_deg": 0.462,
 "qImu2Seg_seg1": [
  0.9999861888846215,
  0.0036980575513900315,
  0.0031208032301485627,
  -0.002051096671393822
 ],
 "qImu2Seg_seg1_euler_deg": [
  -0.234,
  0.358,
  0.423
 ],
 "qImu2Seg_seg1_total_deg": 0.602,
 "qImu2Seg_seg5": [
  0.9999745873619049,
  -0.006483381380690347,
  0.0022751964583398367,
  -0.001901020077878533
 ],
 "qImu2Seg_seg5_euler_deg": [
  -0.22,
  0.259,
  -0.743
 ],
 "qImu2Seg_seg5_total_deg": 0.817,
 "qImu2Seg_seg3": [
  0.9999566450478493,
  -0.0003169160525966804,
  0.00925376035846619,
  -0.000987678132415712
 ],
 "qImu2Seg_seg3_euler_deg": [
  -0.114,
  1.06,
  -0.037
 ],
 "qImu2Seg_seg3_total_deg": 1.067,
 "qImu2Seg_seg2": [
  0.9999753371817273,
  -0.00424099379010546,
  0.005376890161340169,
  -0.0015582208303278528
 ],
 "qImu2Seg_seg2_euler_deg": [
  -0.181,
  0.615,
  -0.487
 ],
 "qImu2Seg_seg2_total_deg": 0.805,
 "qEOpt2EImu_6D": [
  0.7103504136704738,
  0.7038313414855323,
  -0.004871605573402614,
  0.0
 ],
 "qEOpt2EImu_6D_euler_deg": [
  -0.393,
  -0.397,
  89.473
 ],
 "qEOpt2EImu_6D_total_deg": 89.473,
 "qEOpt2EImu": [
  -0.08375474994453232,
  -0.07814848580548431,
  0.6994963216232782,
  0.7053955288088677
 ],
 "qEOpt2EImu_euler_deg": [
  -166.85,
  -0.397,
  89.473
 ],
 "qEOpt2EImu_total_deg": 170.391,
 "qEOpt2EImu_delta": -3.377954963192937,
 "qEOpt2EImu_delta_deg": -193.54256277622463,
 "info": {
  "cost": 0.5391532626391573,
  "gyr_cost": 0.1396799965601364,
  "acc_cost": 0.9386265287181781,
  "bias": [
   [
    -0.006171892885956524,
    0.0014820116194584842,
    -0.008536088877274526
   ],
   [
    -0.0035028635999318504,
    0.0014354477283094016,
    0.01106354088742827
   ],
   [
    -0.00981968594890523,
    -0.0017638341306437132,
    -0.010910383230810432
   ],
   [
    -0.0031419140782845906,
    0.0018118261302667398,
    0.006392887193286692
   ],
   [
    -0.004611372105486037,
    0.002375395189592692,
    0.003008685102652025
   ]
  ],
  "g": 9.825567222824652,
  "accbias": [
   0.2176576714246516,
   0.023412929532365644,
   -0.054909541150415846
  ],
  "sucess_rate": 1.0,
  "init_vals": 1,
  "norm_th": 0.21000000000000005,
  "dip_th": 0.3665191429188093,
  "opt_pos_available": true
 },
 "params": {
  "fast": true,
  "fullEOpt2EImu": true,
  "accbias": true,
  "r": 0.5,
  "fc_gyr": 10.0,
  "fc_grav": 0.1,
  "fc_acc": 10.0,
  "fc_pos": 10.0,
  "fc_mag": 1.0,
  "init_quats": null
 }
}