{
 "names": [
  "seg2",
  "seg3",
  "seg4",
  "seg1",
  "seg5"
 ],
 "qImu2Seg_seg2": [
  0.9999752137334481,
  -0.004202928170317311,
  0.0054517512736863396,
  -0.001478418611124233
 ],
 "qImu2Seg_seg2_euler_deg": [
  -0.172,
  0.624,
  -0.483
 ],
 "qImu2Seg_seg2_total_deg": 0.807,
 "qImu2Seg_seg3": [
  0.9999556090989975,
  -0.00027543594482133996,
  0.00936369933819141,
  -0.001012472813041185
 ],
 "qImu2Seg_seg3_euler_deg": [
  -0.116,
  1.073,
  -0.033
 ],
 "qImu2Seg_seg3_total_deg": 1.08,
 "qImu2Seg_seg4": [
  0.999991610973388,
  0.0015736781736691613,
  0.0035789940995414387,
  -0.0012216059468709809
 ],
 "qImu2Seg_seg4_euler_deg": [
  -0.139,
  0.41,
  0.18
 ],
 "qImu2Seg_seg4_total_deg": 0.469,
 "qImu2Seg_seg1": [
  0.9999858870709879,
  0.0037381054774404694,
  0.0032053262604711686,
  -0.0019945199555056396
 ],
 "qImu2Seg_seg1_euler_deg": [
  -0.227,
  0.368,
  0.428
 ],
 "qImu2Seg_seg1_total_deg": 0.609,
 "qImu2Seg_seg5": [
  0.9999743588320785,
  -0.006479525247463266,
  0.0023578831967810414,
  -0.0019333436764320457
 ],
 "qImu2Seg_seg5_euler_deg": [
  -0.223,
  0.269,
  -0.743
 ],
 "qImu2Seg_seg5_total_deg": 0.821,
 "qEOpt2EImu_6D": [
  0.7103356493359001,
  0.7038460592309622,
  -0.004897977908276428,
  0.0
 ],
 "qEOpt2EImu_6D_euler_deg": [
  -0.395,
  -0.399,
  89.476
 ],
 "qEOpt2EImu_6D_total_deg": 89.476,
 "qEOpt2EImu": [
  0.5548746885535382,
  0.5467473271146697,
  -0.4432726312051192,
  -0.4434983818686026
 ],
 "qEOpt2EImu_euler_deg": [
  -77.664,
  -0.399,
  89.476
 ],
 "qEOpt2EImu_total_deg": 112.596,
 "qEOpt2EImu_delta": 1.3485994381739526,
 "qEOpt2EImu_delta_deg": 77.26905606108149,
 "info": {
  "cost": 0.5455687601166515,
  "gyr_cost": 0.14688048506462767,
  "acc_cost": 0.9442570351686753,
  "bias": [
   [
    -0.00459327000246372,
    0.0023835134227809325,
    0.0030299952086007102
   ],
   [
    -0.00312769922263492,
    0.001805328232118545,
    0.006368537567173546
   ],
   [
    -0.006166748723426852,
    0.0014876979442067495,
    -0.0085250734261599
   ],
   [
    -0.003505144609417333,
    0.0014434248632303225,
    0.011078120638717806
   ],
   [
    -0.009820617529105811,
    -0.0017582376212612355,
    -0.010905959381450031
   ]
  ],
  "g": 9.82677769988115,
  "accbias": [
   0.21868548679867267,
   0.023300930404565056,
   -0.0554068594720777
  ],
  "sucess_rate": 1.0,
  "init_vals": 1,
  "norm_th": 0.21000000000000005,
  "dip_th": 0.3665191429188093,
  "opt_pos_available": true
 },
 "params": {
  "fast": true,
  "fullEOpt2EImu": true,
  "accbias": true,
  "r": 0.5,
  "fc_gyr": 10.0,
  "fc_grav": 0.1,
  "fc_acc": 10.0,
  "fc_pos": 10.0,
  "fc_mag": 1.0,
  "init_quats": null
 }
}