{
 "names": [
  "seg4",
  "seg2",
  "seg3"
 ],
 "qImu2Seg_seg3": [
  0.9999464737190287,
  -0.0018757928526281053,
  0.010085390400434418,
  -0.0013475898949086205
 ],
 "qImu2Seg_seg3_euler_deg": [
  -0.157,
  1.155,
  -0.217
 ],
 "qImu2Seg_seg3_total_deg": 1.186,
 "qImu2Seg_seg2": [
  0.9999537852606419,
  -0.0036378827657358604,
  0.008869111485046646,
  0.0007293924613068255
 ],
 "qImu2Seg_seg2_euler_deg": [
  0.08,
  1.017,
  -0.416
 ],
 "qImu2Seg_seg2_total_deg": 1.102,
 "qImu2Seg_seg4": [
  0.9999879778444593,
  -0.0007332753185107034,
  0.004478609084442016,
  0.0018570230276780913
 ],
 "qImu2Seg_seg4_euler_deg": [
  0.212,
  0.513,
  -0.083
 ],
 "qImu2Seg_seg4_total_deg": 0.562,
 "qEOpt2EImu_6D": [
  0.7113771182973652,
  0.702713723793631,
  -0.011662673579641077,
  0.0
 ],
 "qEOpt2EImu_6D_euler_deg": [
  -0.939,
  -0.951,
  89.306
 ],
 "qEOpt2EImu_6D_total_deg": 89.306,
 "qEOpt2EImu": [
  0.36585197029854777,
  0.3513943787342966,
  -0.6086580206954266,
  -0.6100899444063425
 ],
 "qEOpt2EImu_euler_deg": [
  -119.04,
  -0.951,
  89.306
 ],
 "qEOpt2EImu_total_deg": 137.08,
 "qEOpt2EImu_delta": 2.061240625244763,
 "qEOpt2EImu_delta_deg": 118.10038838743188,
 "info": {
  "cost": 0.6127783626516987,
  "gyr_cost": 0.16248126832181298,
  "acc_cost": 1.0630754569815843,
  "bias": [
   [
    -0.007927766801379122,
    0.001823943259432748,
    -0.004626211290505531
   ],
   [
    -0.006161748976010613,
    0.002705265340516316,
    0.0012697736673787487
   ],
   [
    -0.0055428609813195405,
    0.0031264912757860263,
    0.006361818740735312
   ]
  ],
  "g": 9.899720634368514,
  "accbias": [
   0.36902317618525066,
   0.07886272261789465,
   -0.13287417699307352
  ],
  "sucess_rate": 1.0,
  "init_vals": 1,
  "norm_th": 0.10999999999999999,
  "dip_th": 0.19198621771937624,
  "opt_pos_available": true
 },
 "params": {
  "fast": true,
  "fullEOpt2EImu": true,
  "accbias": true,
  "r": 0.5,
  "fc_gyr": 10.0,
  "fc_grav": 0.1,
  "fc_acc": 10.0,
  "fc_pos": 10.0,
  "fc_mag": 1.0,
  "init_quats": null
 }
}