{
 "names": [
  "seg4",
  "seg1",
  "seg5",
  "seg2"
 ],
 "qImu2Seg_seg4": [
  0.999995438143351,
  3.387181272004569e-05,
  0.002790713685684828,
  -0.0011551892971145184
 ],
 "qImu2Seg_seg4_euler_deg": [
  -0.132,
  0.32,
  0.004
 ],
 "qImu2Seg_seg4_total_deg": 0.346,
 "qImu2Seg_seg1": [
  0.9999947493206508,
  0.0014036008697324643,
  0.0028812502110554176,
  0.00047920032194428443
 ],
 "qImu2Seg_seg1_euler_deg": [
  0.055,
  0.33,
  0.161
 ],
 "qImu2Seg_seg1_total_deg": 0.371,
 "qImu2Seg_seg5": [
  0.999947993868866,
  -0.00820945479547674,
  0.0039661347874849285,
  0.004569921710360508
 ],
 "qImu2Seg_seg5_euler_deg": [
  0.52,
  0.459,
  -0.939
 ],
 "qImu2Seg_seg5_total_deg": 1.169,
 "qImu2Seg_seg2": [
  0.9999631283593656,
  -0.005567435314347327,
  0.006445979723757859,
  -0.0010931290739232687
 ],
 "qImu2Seg_seg2_euler_deg": [
  -0.129,
  0.738,
  -0.639
 ],
 "qImu2Seg_seg2_total_deg": 0.984,
 "qEOpt2EImu_6D": [
  0.699052116195088,
  0.7150364804336673,
  0.0069978919827971735,
  0.0
 ],
 "qEOpt2EImu_6D_euler_deg": [
  0.573,
  0.561,
  91.298
 ],
 "qEOpt2EImu_6D_total_deg": 91.298,
 "qEOpt2EImu": [
  0.38250246617144484,
  0.3971060513926948,
  -0.5946704320802166,
  -0.5851202650136068
 ],
 "qEOpt2EImu_euler_deg": [
  -113.08,
  0.561,
  91.298
 ],
 "qEOpt2EImu_total_deg": 135.022,
 "qEOpt2EImu_delta": 1.9836265070970118,
 "qEOpt2EImu_delta_deg": 113.65342698693601,
 "info": {
  "cost": 1.0180838574937456,
  "gyr_cost": 1.0287763057232384,
  "acc_cost": 1.0073914092642529,
  "bias": [
   [
    -0.022507187026777883,
    0.003124692563451899,
    -0.0066565923466083005
   ],
   [
    -0.0032967517864407785,
    0.001697343990695267,
    0.010507093497907245
   ],
   [
    -0.009733688193199974,
    -0.0031211109957090958,
    -0.01045699544966959
   ],
   [
    -0.005114418538202527,
    0.002091053489485626,
    0.0011866094246516076
   ]
  ],
  "g": 9.873047943590866,
  "accbias": [
   0.45641917750130007,
   0.08704683777821358,
   -0.06046733113357201
  ],
  "sucess_rate": 1.0,
  "init_vals": 1,
  "norm_th": 0.09999999999999999,
  "dip_th": 0.17453292519943295,
  "opt_pos_available": true
 },
 "params": {
  "fast": true,
  "fullEOpt2EImu": true,
  "accbias": true,
  "r": 0.5,
  "fc_gyr": 10.0,
  "fc_grav": 0.1,
  "fc_acc": 10.0,
  "fc_pos": 10.0,
  "fc_mag": 1.0,
  "init_quats": null
 }
}