{
 "names": [
  "seg2",
  "seg3",
  "seg4",
  "seg1",
  "seg5"
 ],
 "qImu2Seg_seg2": [
  0.9999601627696363,
  -0.008236103082275147,
  0.0032934066107095958,
  -0.0009964700884501792
 ],
 "qImu2Seg_seg2_euler_deg": [
  -0.117,
  0.376,
  -0.944
 ],
 "qImu2Seg_seg2_total_deg": 1.023,
 "qImu2Seg_seg3": [
  0.9999564735068727,
  -0.007659063505890592,
  0.005310807576422119,
  -0.0004303031466200005
 ],
 "qImu2Seg_seg3_euler_deg": [
  -0.054,
  0.608,
  -0.878
 ],
 "qImu2Seg_seg3_total_deg": 1.069,
 "qImu2Seg_seg4": [
  0.9999805733717143,
  -0.002007857503283069,
  0.004844231257799468,
  0.0033696900369337844
 ],
 "qImu2Seg_seg4_euler_deg": [
  0.385,
  0.556,
  -0.228
 ],
 "qImu2Seg_seg4_total_deg": 0.714,
 "qImu2Seg_seg1": [
  0.9999199653397546,
  -0.008697870701761251,
  -0.0017031283881814817,
  -0.009028250876710008
 ],
 "qImu2Seg_seg1_euler_deg": [
  -1.033,
  -0.204,
  -0.995
 ],
 "qImu2Seg_seg1_total_deg": 1.45,
 "qImu2Seg_seg5": [
  0.9998699427964314,
  -0.015934853433745712,
  0.0013597087687030587,
  0.0020806562355394523
 ],
 "qImu2Seg_seg5_euler_deg": [
  0.236,
  0.16,
  -1.826
 ],
 "qImu2Seg_seg5_total_deg": 1.848,
 "qEOpt2EImu_6D": [
  0.7101350903136187,
  0.7040422127135377,
  -0.005719809672918537,
  0.0
 ],
 "qEOpt2EImu_6D_euler_deg": [
  -0.461,
  -0.465,
  89.508
 ],
 "qEOpt2EImu_6D_total_deg": 89.508,
 "qEOpt2EImu": [
  -0.1440732979995276,
  -0.14843802207981324,
  -0.6882400069062402,
  -0.6953666164680834
 ],
 "qEOpt2EImu_euler_deg": [
  156.127,
  -0.465,
  89.508
 ],
 "qEOpt2EImu_total_deg": 163.433,
 "qEOpt2EImu_delta": 3.550192181279572,
 "qEOpt2EImu_delta_deg": 203.41102844766314,
 "info": {
  "cost": 1.2020081979326218,
  "gyr_cost": 0.6612317655735606,
  "acc_cost": 1.7427846302916832,
  "bias": [
   [
    -0.004848793880300042,
    0.0016631298701869123,
    0.00515483653622782
   ],
   [
    -0.0023494901072865903,
    0.0022436934273813484,
    0.007523833048693758
   ],
   [
    -0.010159586472304812,
    0.0004813118670300247,
    -0.0018188938998537202
   ],
   [
    -0.004586139273558149,
    -0.010678820256394966,
    0.012535435978341732
   ],
   [
    0.010077622974795582,
    0.0008499374848538465,
    -0.009148085284075305
   ]
  ],
  "g": 9.853291724626537,
  "accbias": [
   0.15435742050561946,
   0.17821423394370323,
   -0.13932926741316595
  ],
  "sucess_rate": 1.0,
  "init_vals": 1,
  "norm_th": 0.20000000000000004,
  "dip_th": 0.349065850398866,
  "opt_pos_available": true
 },
 "params": {
  "fast": true,
  "fullEOpt2EImu": true,
  "accbias": true,
  "r": 0.5,
  "fc_gyr": 10.0,
  "fc_grav": 0.1,
  "fc_acc": 10.0,
  "fc_pos": 10.0,
  "fc_mag": 1.0,
  "init_quats": null
 }
}