{
 "names": [
  "seg4",
  "seg1",
  "seg5",
  "seg3",
  "seg2"
 ],
 "qImu2Seg_seg4": [
  0.9999837685806529,
  0.0019256395713514105,
  0.005284151145503575,
  -0.0009122686818933906
 ],
 "qImu2Seg_seg4_euler_deg": [
  -0.103,
  0.606,
  0.22
 ],
 "qImu2Seg_seg4_total_deg": 0.653,
 "qImu2Seg_seg1": [
  0.9999975756645622,
  0.0019878942764542575,
  0.000735925502866645,
  -0.0005961165977410542
 ],
 "qImu2Seg_seg1_euler_deg": [
  -0.068,
  0.084,
  0.228
 ],
 "qImu2Seg_seg1_total_deg": 0.252,
 "qImu2Seg_seg5": [
  0.9999504343589746,
  -0.009603338075573299,
  0.002512796191951469,
  -0.0007684909902573262
 ],
 "qImu2Seg_seg5_euler_deg": [
  -0.091,
  0.287,
  -1.101
 ],
 "qImu2Seg_seg5_total_deg": 1.141,
 "qImu2Seg_seg3": [
  0.999970785394936,
  -0.001386810973279184,
  0.007516280468334602,
  -0.00010314979647881709
 ],
 "qImu2Seg_seg3_euler_deg": [
  -0.013,
  0.861,
  -0.159
 ],
 "qImu2Seg_seg3_total_deg": 0.876,
 "qImu2Seg_seg2": [
  0.9999692723677642,
  -0.007227643103097404,
  0.003033917445201458,
  -0.0001041172130433907
 ],
 "qImu2Seg_seg2_euler_deg": [
  -0.014,
  0.348,
  -0.828
 ],
 "qImu2Seg_seg2_total_deg": 0.898,
 "qEOpt2EImu_6D": [
  0.7081128002100534,
  0.7060975741007061,
  -0.0015741752681638882,
  0.0
 ],
 "qEOpt2EImu_6D_euler_deg": [
  -0.127,
  -0.128,
  89.837
 ],
 "qEOpt2EImu_6D_total_deg": 89.837,
 "qEOpt2EImu": [
  0.5172552658847641,
  0.5168582778905466,
  0.48107565179989664,
  0.4836018276803811
 ],
 "qEOpt2EImu_euler_deg": [
  86.021,
  -0.128,
  89.837
 ],
 "qEOpt2EImu_total_deg": 117.703,
 "qEOpt2EImu_delta": -1.503572416427863,
 "qEOpt2EImu_delta_deg": -86.14835365360324,
 "info": {
  "cost": 0.820935362306091,
  "gyr_cost": 0.2966294476403579,
  "acc_cost": 1.345241276971824,
  "bias": [
   [
    -0.005015256427492644,
    0.0017722740401659477,
    -0.03002291463589627
   ],
   [
    -0.00363230658642527,
    0.0014151599882572504,
    0.011060845537641745
   ],
   [
    -0.009894779380693487,
    -0.0028941494655777594,
    -0.011569598665002876
   ],
   [
    -0.003262619477192389,
    0.0020722428329203305,
    0.004257590360423598
   ],
   [
    -0.005012490122192649,
    0.0017473415706914415,
    0.0021005570666309125
   ]
  ],
  "g": 9.764299971607764,
  "accbias": [
   0.21926266039597603,
   0.01402765851964084,
   -0.04832469974792169
  ],
  "sucess_rate": 1.0,
  "init_vals": 1,
  "norm_th": 0.17,
  "dip_th": 0.29670597283903605,
  "opt_pos_available": true
 },
 "params": {
  "fast": true,
  "fullEOpt2EImu": true,
  "accbias": true,
  "r": 0.5,
  "fc_gyr": 10.0,
  "fc_grav": 0.1,
  "fc_acc": 10.0,
  "fc_pos": 10.0,
  "fc_mag": 1.0,
  "init_quats": null
 }
}