{
 "names": [
  "seg2",
  "seg3",
  "seg4",
  "seg1",
  "seg5"
 ],
 "qImu2Seg_seg2": [
  0.9999752017433169,
  -0.005385053326178792,
  0.004525857234273834,
  -0.0003372171138184069
 ],
 "qImu2Seg_seg2_euler_deg": [
  -0.041,
  0.518,
  -0.617
 ],
 "qImu2Seg_seg2_total_deg": 0.807,
 "qImu2Seg_seg3": [
  0.9999635396041566,
  -0.005466865233833318,
  0.006558235966061006,
  0.0001496257160297256
 ],
 "qImu2Seg_seg3_euler_deg": [
  0.013,
  0.752,
  -0.626
 ],
 "qImu2Seg_seg3_total_deg": 0.979,
 "qImu2Seg_seg4": [
  0.9999751111290962,
  0.0004588506942778949,
  0.005055983993456999,
  0.004899347328980429
 ],
 "qImu2Seg_seg4_euler_deg": [
  0.562,
  0.579,
  0.055
 ],
 "qImu2Seg_seg4_total_deg": 0.808,
 "qImu2Seg_seg1": [
  0.9999743597549567,
  0.006852507108542893,
  0.00029653381102195394,
  -0.002057922906859856
 ],
 "qImu2Seg_seg1_euler_deg": [
  -0.236,
  0.036,
  0.785
 ],
 "qImu2Seg_seg1_total_deg": 0.821,
 "qImu2Seg_seg5": [
  0.9999527564142645,
  -0.009460900130680808,
  0.002213110665863283,
  0.0002800882227956264
 ],
 "qImu2Seg_seg5_euler_deg": [
  0.03,
  0.254,
  -1.084
 ],
 "qImu2Seg_seg5_total_deg": 1.114,
 "qEOpt2EImu_6D": [
  0.7095303101431932,
  0.704663770561422,
  -0.003963514382915906,
  0.0
 ],
 "qEOpt2EImu_6D_euler_deg": [
  -0.32,
  -0.322,
  89.607
 ],
 "qEOpt2EImu_6D_total_deg": 89.607,
 "qEOpt2EImu": [
  0.5949207220005971,
  0.5886803677434542,
  -0.3873269466762356,
  -0.3866556550034982
 ],
 "qEOpt2EImu_euler_deg": [
  -66.362,
  -0.322,
  89.607
 ],
 "qEOpt2EImu_total_deg": 106.986,
 "qEOpt2EImu_delta": 1.152649254880906,
 "qEOpt2EImu_delta_deg": 66.04193756357502,
 "info": {
  "cost": 0.6915982112569551,
  "gyr_cost": 0.3463932572032416,
  "acc_cost": 1.0368031653106686,
  "bias": [
   [
    -0.004601719510605266,
    0.0034650835065315718,
    0.0011490661268195941
   ],
   [
    -0.002578563752586335,
    0.004689969854279729,
    0.0027252661121620367
   ],
   [
    -0.005654073898576564,
    0.005345380531555429,
    -0.008546298504431693
   ],
   [
    -0.0018844433132293398,
    -0.000314589005021745,
    0.015386128663589701
   ],
   [
    -0.008363516413087971,
    -0.0015180582168145336,
    -0.009074464609534401
   ]
  ],
  "g": 9.835857780658824,
  "accbias": [
   0.1419121787459818,
   0.06784292060665502,
   -0.08717188200773239
  ],
  "sucess_rate": 1.0,
  "init_vals": 1,
  "norm_th": 0.16,
  "dip_th": 0.2792526803190927,
  "opt_pos_available": true
 },
 "params": {
  "fast": true,
  "fullEOpt2EImu": true,
  "accbias": true,
  "r": 0.5,
  "fc_gyr": 10.0,
  "fc_grav": 0.1,
  "fc_acc": 10.0,
  "fc_pos": 10.0,
  "fc_mag": 1.0,
  "init_quats": null
 }
}