{
 "names": [
  "seg5",
  "seg4",
  "seg1",
  "seg2",
  "seg3"
 ],
 "qImu2Seg_seg5": [
  0.9999648149681638,
  -0.007861407423212532,
  0.002841100806944187,
  0.0007037366104592671
 ],
 "qImu2Seg_seg5_euler_deg": [
  0.078,
  0.326,
  -0.901
 ],
 "qImu2Seg_seg5_total_deg": 0.961,
 "qImu2Seg_seg4": [
  0.9999975856518518,
  -0.0017761573015629337,
  0.00038476888181046434,
  -0.00123527673620437
 ],
 "qImu2Seg_seg4_euler_deg": [
  -0.142,
  0.044,
  -0.204
 ],
 "qImu2Seg_seg4_total_deg": 0.252,
 "qImu2Seg_seg1": [
  0.9999822377015056,
  0.004786136474704367,
  0.0008708114302932962,
  -0.003443670510937203
 ],
 "qImu2Seg_seg1_euler_deg": [
  -0.394,
  0.102,
  0.548
 ],
 "qImu2Seg_seg1_total_deg": 0.683,
 "qImu2Seg_seg2": [
  0.9999887880064887,
  -0.0011462862820375474,
  0.00322903018418197,
  -0.0032685246125703045
 ],
 "qImu2Seg_seg2_euler_deg": [
  -0.375,
  0.37,
  -0.133
 ],
 "qImu2Seg_seg2_total_deg": 0.543,
 "qImu2Seg_seg3": [
  0.9999890190360121,
  -0.0013038451999145193,
  0.002687154283932817,
  -0.0036112320533676556
 ],
 "qImu2Seg_seg3_euler_deg": [
  -0.414,
  0.307,
  -0.151
 ],
 "qImu2Seg_seg3_total_deg": 0.537,
 "qEOpt2EImu_6D": [
  0.7197536122866621,
  0.6941756405786597,
  -0.008655496953306861,
  0.0
 ],
 "qEOpt2EImu_6D_euler_deg": [
  -0.689,
  -0.714,
  87.932
 ],
 "qEOpt2EImu_6D_total_deg": 87.932,
 "qEOpt2EImu": [
  0.7111158378998972,
  0.6845078965391652,
  -0.11577425091888381,
  -0.11117341178369015
 ],
 "qEOpt2EImu_euler_deg": [
  -18.46,
  -0.714,
  87.932
 ],
 "qEOpt2EImu_total_deg": 89.348,
 "qEOpt2EImu_delta": 0.31016249753908537,
 "qEOpt2EImu_delta_deg": 17.771002072226374,
 "info": {
  "cost": 0.42569690516945263,
  "gyr_cost": 0.19886452972093638,
  "acc_cost": 0.6525292806179689,
  "bias": [
   [
    -0.009044672843494125,
    -0.003004283896781635,
    -0.010284103825480926
   ],
   [
    -0.006965221733920803,
    0.0027919264131557884,
    -0.0057826707777752645
   ],
   [
    -0.0011291451209930895,
    0.0020755892370341008,
    0.008807028926922237
   ],
   [
    -0.005311102637345181,
    0.0028620880139706966,
    0.0030624372338936934
   ],
   [
    -0.00367281354754744,
    0.003664561915056966,
    0.005673564263058193
   ]
  ],
  "g": 9.923608393408301,
  "accbias": [
   0.38367614365970387,
   0.07124234309957209,
   -0.14555115922696119
  ],
  "sucess_rate": 1.0,
  "init_vals": 1,
  "norm_th": 0.11999999999999998,
  "dip_th": 0.20943951023931953,
  "opt_pos_available": true
 },
 "params": {
  "fast": true,
  "fullEOpt2EImu": true,
  "accbias": true,
  "r": 0.5,
  "fc_gyr": 10.0,
  "fc_grav": 0.1,
  "fc_acc": 10.0,
  "fc_pos": 10.0,
  "fc_mag": 1.0,
  "init_quats": null
 }
}