{
 "names": [
  "seg5",
  "seg4",
  "seg1",
  "seg2",
  "seg3"
 ],
 "qImu2Seg_seg5": [
  0.9999528838583206,
  -0.009458237203732539,
  0.002163313169659205,
  0.0003031312519334038
 ],
 "qImu2Seg_seg5_euler_deg": [
  0.032,
  0.248,
  -1.084
 ],
 "qImu2Seg_seg5_total_deg": 1.112,
 "qImu2Seg_seg4": [
  0.9999756785126149,
  0.00045710541101220384,
  0.005003229537774947,
  0.0048374716610086865
 ],
 "qImu2Seg_seg4_euler_deg": [
  0.555,
  0.573,
  0.055
 ],
 "qImu2Seg_seg4_total_deg": 0.799,
 "qImu2Seg_seg1": [
  0.9999751981897798,
  0.0067135238028913115,
  0.00023182218124109049,
  -0.002116095918180315
 ],
 "qImu2Seg_seg1_euler_deg": [
  -0.242,
  0.028,
  0.769
 ],
 "qImu2Seg_seg1_total_deg": 0.807,
 "qImu2Seg_seg2": [
  0.9999752768944763,
  -0.005404496347852541,
  0.0044852972755046365,
  -0.00034514836196480994
 ],
 "qImu2Seg_seg2_euler_deg": [
  -0.042,
  0.514,
  -0.62
 ],
 "qImu2Seg_seg2_total_deg": 0.806,
 "qImu2Seg_seg3": [
  0.9999637437679326,
  -0.00547977718875702,
  0.006516844580257856,
  0.00011801821314150073
 ],
 "qImu2Seg_seg3_euler_deg": [
  0.009,
  0.747,
  -0.628
 ],
 "qImu2Seg_seg3_total_deg": 0.976,
 "qEOpt2EImu_6D": [
  0.7095430906643144,
  0.7046509681660076,
  -0.003951651963480305,
  0.0
 ],
 "qEOpt2EImu_6D_euler_deg": [
  -0.319,
  -0.321,
  89.604
 ],
 "qEOpt2EImu_6D_total_deg": 89.604,
 "qEOpt2EImu": [
  0.5564842001713096,
  0.5501957742296468,
  -0.4402649344546664,
  -0.44020078653855826
 ],
 "qEOpt2EImu_euler_deg": [
  -77.01,
  -0.321,
  89.604
 ],
 "qEOpt2EImu_total_deg": 112.374,
 "qEOpt2EImu_delta": 1.338506147003134,
 "qEOpt2EImu_delta_deg": 76.69075307559693,
 "info": {
  "cost": 0.6727133180812774,
  "gyr_cost": 0.3276170301951887,
  "acc_cost": 1.0178096059673662,
  "bias": [
   [
    -0.008437205701665913,
    -0.0015295515516619894,
    -0.009122300517596377
   ],
   [
    -0.005659129429548119,
    0.005306674118735693,
    -0.008539045890256374
   ],
   [
    -0.0019687959977249636,
    -0.0002685459400072667,
    0.015279543724887452
   ],
   [
    -0.004593179205164076,
    0.003460951138910611,
    0.0011540760141360458
   ],
   [
    -0.002562856801109749,
    0.004673943035881783,
    0.0027333177957047875
   ]
  ],
  "g": 9.834308177512483,
  "accbias": [
   0.14148020780736084,
   0.06836740036013353,
   -0.0863876302488532
  ],
  "sucess_rate": 1.0,
  "init_vals": 1,
  "norm_th": 0.16,
  "dip_th": 0.2792526803190927,
  "opt_pos_available": true
 },
 "params": {
  "fast": true,
  "fullEOpt2EImu": true,
  "accbias": true,
  "r": 0.5,
  "fc_gyr": 10.0,
  "fc_grav": 0.1,
  "fc_acc": 10.0,
  "fc_pos": 10.0,
  "fc_mag": 1.0,
  "init_quats": null
 }
}