{
 "names": [
  "seg2",
  "seg4",
  "seg1",
  "seg5"
 ],
 "qImu2Seg_seg5": [
  0.9999466628830355,
  -0.008294971362751136,
  0.004034796968060459,
  0.0046459931767871875
 ],
 "qImu2Seg_seg5_euler_deg": [
  0.529,
  0.467,
  -0.948
 ],
 "qImu2Seg_seg5_total_deg": 1.184,
 "qImu2Seg_seg4": [
  0.9999951618977347,
  7.998442435451738e-06,
  0.00289918915741605,
  -0.0011273062484500277
 ],
 "qImu2Seg_seg4_euler_deg": [
  -0.129,
  0.332,
  0.001
 ],
 "qImu2Seg_seg4_total_deg": 0.356,
 "qImu2Seg_seg1": [
  0.9999944560342178,
  0.0013265006725447373,
  0.00300319567507879,
  0.0005559788951128474
 ],
 "qImu2Seg_seg1_euler_deg": [
  0.064,
  0.344,
  0.152
 ],
 "qImu2Seg_seg1_total_deg": 0.382,
 "qImu2Seg_seg2": [
  0.9999621592911925,
  -0.005637434726538985,
  0.00654707873371565,
  -0.0010173865805540852
 ],
 "qImu2Seg_seg2_euler_deg": [
  -0.121,
  0.75,
  -0.647
 ],
 "qImu2Seg_seg2_total_deg": 0.997,
 "qEOpt2EImu_6D": [
  0.6991148703992275,
  0.714976659081615,
  0.006839221824409224,
  0.0
 ],
 "qEOpt2EImu_6D_euler_deg": [
  0.56,
  0.548,
  91.288
 ],
 "qEOpt2EImu_6D_total_deg": 91.288,
 "qEOpt2EImu": [
  0.6670999606726095,
  0.6801894384776428,
  0.22041035767436234,
  0.20913929445212232
 ],
 "qEOpt2EImu_euler_deg": [
  35.373,
  0.548,
  91.288
 ],
 "qEOpt2EImu_total_deg": 96.313,
 "qEOpt2EImu_delta": -0.6076007178971448,
 "qEOpt2EImu_delta_deg": -34.81295676462534,
 "info": {
  "cost": 1.0290563205636583,
  "gyr_cost": 1.0346175758156702,
  "acc_cost": 1.0234950653116464,
  "bias": [
   [
    -0.005142337202320435,
    0.0020865248912509625,
    0.0011602590522493171
   ],
   [
    -0.022463594272203742,
    0.003150612118486881,
    -0.00665229902516978
   ],
   [
    -0.003308187215314005,
    0.0016944955318106243,
    0.010514651644294
   ],
   [
    -0.009730863518238285,
    -0.003132980955177464,
    -0.01045053872443514
   ]
  ],
  "g": 9.877207009501555,
  "accbias": [
   0.45673188012816274,
   0.08813368823710244,
   -0.06301602245734086
  ],
  "sucess_rate": 1.0,
  "init_vals": 1,
  "norm_th": 0.09999999999999999,
  "dip_th": 0.17453292519943295,
  "opt_pos_available": true
 },
 "params": {
  "fast": true,
  "fullEOpt2EImu": true,
  "accbias": true,
  "r": 0.5,
  "fc_gyr": 10.0,
  "fc_grav": 0.1,
  "fc_acc": 10.0,
  "fc_pos": 10.0,
  "fc_mag": 1.0,
  "init_quats": null
 }
}