{
 "names": [
  "seg5",
  "seg4",
  "seg1",
  "seg2",
  "seg3"
 ],
 "qImu2Seg_seg5": [
  0.9999551921704182,
  -0.009054619321252217,
  0.0014097027340066325,
  0.0023749228558069533
 ],
 "qImu2Seg_seg5_euler_deg": [
  0.271,
  0.164,
  -1.037
 ],
 "qImu2Seg_seg5_total_deg": 1.085,
 "qImu2Seg_seg4": [
  0.9999964247363318,
  -0.0008124750571058434,
  0.0002807583622919658,
  0.002532108524027924
 ],
 "qImu2Seg_seg4_euler_deg": [
  0.29,
  0.032,
  -0.093
 ],
 "qImu2Seg_seg4_total_deg": 0.306,
 "qImu2Seg_seg1": [
  0.9999952680400822,
  0.0026937336523248263,
  0.0010696628524938612,
  0.0010312700114442793
 ],
 "qImu2Seg_seg1_euler_deg": [
  0.119,
  0.122,
  0.309
 ],
 "qImu2Seg_seg1_total_deg": 0.353,
 "qImu2Seg_seg2": [
  0.9999920761907234,
  -0.001821979432634466,
  0.0026597134505223297,
  -0.0023353524519299697
 ],
 "qImu2Seg_seg2_euler_deg": [
  -0.268,
  0.304,
  -0.209
 ],
 "qImu2Seg_seg2_total_deg": 0.456,
 "qImu2Seg_seg3": [
  0.9999921152704715,
  -0.0019159039909132415,
  0.003371077091370943,
  -0.00085705777499454
 ],
 "qImu2Seg_seg3_euler_deg": [
  -0.099,
  0.386,
  -0.22
 ],
 "qImu2Seg_seg3_total_deg": 0.455,
 "qEOpt2EImu_6D": [
  0.7180546526162911,
  0.6959704138849909,
  -0.004764331312140967,
  0.0
 ],
 "qEOpt2EImu_6D_euler_deg": [
  -0.38,
  -0.392,
  88.212
 ],
 "qEOpt2EImu_6D_total_deg": 88.212,
 "qEOpt2EImu": [
  0.6835283516586603,
  0.6610464084916863,
  -0.21775022772970917,
  -0.21998062783503738
 ],
 "qEOpt2EImu_euler_deg": [
  -36.06,
  -0.392,
  88.212
 ],
 "qEOpt2EImu_total_deg": 93.76,
 "qEOpt2EImu_delta": 0.6227260041666391,
 "qEOpt2EImu_delta_deg": 35.67957183179454,
 "info": {
  "cost": 0.45356656066007883,
  "gyr_cost": 0.14997057456958623,
  "acc_cost": 0.7571625467505714,
  "bias": [
   [
    -0.009463237547758593,
    -0.0033481339302354205,
    -0.011226869402119949
   ],
   [
    -0.007705276773110006,
    0.0033606226235650565,
    -0.003052895929294644
   ],
   [
    -0.002341112501892714,
    0.0015412291285426317,
    0.011152484670726806
   ],
   [
    -0.004975415253056684,
    0.0024726339561152995,
    0.0030518117256034
   ],
   [
    -0.0038667493584426246,
    0.0029620018709569595,
    0.006087665017684044
   ]
  ],
  "g": 9.824902972381238,
  "accbias": [
   0.3121339713498844,
   0.04257633021572977,
   -0.062470608401868404
  ],
  "sucess_rate": 1.0,
  "init_vals": 1,
  "norm_th": 0.10999999999999999,
  "dip_th": 0.19198621771937624,
  "opt_pos_available": true
 },
 "params": {
  "fast": true,
  "fullEOpt2EImu": true,
  "accbias": true,
  "r": 0.5,
  "fc_gyr": 10.0,
  "fc_grav": 0.1,
  "fc_acc": 10.0,
  "fc_pos": 10.0,
  "fc_mag": 1.0,
  "init_quats": null
 }
}