{
 "names": [
  "seg2",
  "seg3",
  "seg4",
  "seg1",
  "seg5"
 ],
 "qImu2Seg_seg2": [
  0.9999710612023719,
  -0.004752115642698406,
  0.0028716012269889703,
  -0.005200775049333413
 ],
 "qImu2Seg_seg2_euler_deg": [
  -0.598,
  0.326,
  -0.546
 ],
 "qImu2Seg_seg2_total_deg": 0.872,
 "qImu2Seg_seg3": [
  0.9999742759047425,
  -0.0060979951958495746,
  0.003602333190029722,
  -0.0011336573402818168
 ],
 "qImu2Seg_seg3_euler_deg": [
  -0.132,
  0.412,
  -0.699
 ],
 "qImu2Seg_seg3_total_deg": 0.822,
 "qImu2Seg_seg4": [
  0.9999983291042727,
  8.579719144813933e-05,
  0.0017022671854635305,
  -0.0006608433505199468
 ],
 "qImu2Seg_seg4_euler_deg": [
  -0.076,
  0.195,
  0.01
 ],
 "qImu2Seg_seg4_total_deg": 0.209,
 "qImu2Seg_seg1": [
  0.9999954794906791,
  0.0012048335843142638,
  0.0026637571084035475,
  -0.0007026893397639754
 ],
 "qImu2Seg_seg1_euler_deg": [
  -0.08,
  0.305,
  0.138
 ],
 "qImu2Seg_seg1_total_deg": 0.345,
 "qImu2Seg_seg5": [
  0.9999255252805498,
  -0.012057889703624997,
  0.00187384314555711,
  0.0001997502880606388
 ],
 "qImu2Seg_seg5_euler_deg": [
  0.02,
  0.215,
  -1.382
 ],
 "qImu2Seg_seg5_total_deg": 1.399,
 "qEOpt2EImu_6D": [
  0.7056326548978465,
  0.7085778383166982,
  5.820869112417682e-05,
  0.0
 ],
 "qEOpt2EImu_6D_euler_deg": [
  0.005,
  0.005,
  90.239
 ],
 "qEOpt2EImu_6D_total_deg": 90.239,
 "qEOpt2EImu": [
  0.038235074065264385,
  0.038336537191645724,
  0.7075400103584039,
  0.7045959996830858
 ],
 "qEOpt2EImu_euler_deg": [
  173.792,
  0.005,
  90.239
 ],
 "qEOpt2EImu_total_deg": 175.618,
 "qEOpt2EImu_delta": -3.033168507651624,
 "qEOpt2EImu_delta_deg": -173.78775404043242,
 "info": {
  "cost": 0.2774546887501055,
  "gyr_cost": 0.11347968982631805,
  "acc_cost": 0.4414296876738929,
  "bias": [
   [
    -0.00546264502909939,
    0.0028019456806749415,
    0.002893174024948834
   ],
   [
    -0.003964767278637198,
    0.0033673713093183297,
    0.005927038824056979
   ],
   [
    -0.006880258852510694,
    0.003528889594326825,
    -0.006898192649110836
   ],
   [
    -0.0034782688095682797,
    0.0013231382182011722,
    0.011116484040197293
   ],
   [
    -0.009556160060912703,
    -0.003184981315215654,
    -0.010484924554887655
   ]
  ],
  "g": 9.876328137437607,
  "accbias": [
   0.158929556186782,
   0.07527957149780509,
   -0.055397202612616964
  ],
  "sucess_rate": 1.0,
  "init_vals": 1,
  "norm_th": 0.16,
  "dip_th": 0.2792526803190927,
  "opt_pos_available": true
 },
 "params": {
  "fast": true,
  "fullEOpt2EImu": true,
  "accbias": true,
  "r": 0.5,
  "fc_gyr": 10.0,
  "fc_grav": 0.1,
  "fc_acc": 10.0,
  "fc_pos": 10.0,
  "fc_mag": 1.0,
  "init_quats": null
 }
}